ID,Nombre,Tipo,Resumen,Descripción,Público Objetivo,Problema,Solución,Complejidad,Horas Desarrollo,Precio Estimado,MVP Features,Canales,Competencia,Diferenciación,Score Total,Landing URL,Landing Deployed,Created Date,Reasoning
IDEA-20260212210603,FreelanceFlow,SaaS,"Una herramienta de gestión de proyectos diseñada específicamente para freelancers, que combina seguimiento de tareas, comunicación con clientes y gestión de pagos en una única plataforma.","FreelanceFlow permite a los freelancers organizar sus proyectos, comunicarse con sus clientes de forma directa a través de la plataforma y gestionar los pagos de manera eficiente, todo en un solo lugar. La plataforma prioriza la facilidad de uso y la versatilidad, facilitando a los usuarios mantenerse organizados y conectados.","Freelancers y pequeños empresarios en sectores creativos como diseño gráfico, desarrollo web, marketing digital, etc.","La falta de una solución integral para gestionar proyectos y la comunicación con clientes, lo cual lleva a la pérdida de tiempo y posibles ingresos.","FreelanceFlow facilitará la gestión de proyectos, la comunicación y la facturación, permitiendo a los freelancers concentrarse en su trabajo en lugar de en la administración.",Media,120,$10/mes,"Gestión de tareas, Mensajería integrada, Facturación básica","Marketing en redes sociales, Colaboraciones con plataformas de freelancing, Blogs y podcasts sobre freelancing.","Trello, Asana, Monday.com, pero todas estas herramientas son más generales y no están adaptadas específicamente a las necesidades de los freelancers.","FreelanceFlow se centra en ofrecer una experiencia de usuario simplificada y adaptada a las necesidades concretas de los freelancers, a diferencia de competidores más complejos.",75,IDEA-20260212210603.html,Sí,2026-02-12T21:06:03.526358,"{""problema_identificado"": ""Muchos freelancers y pequeños empresarios tienen dificultades para gestionar sus proyectos y la comunicación con sus clientes de manera efectiva, lo que provoca retrasos y descontento."", ""porque_ahora"": ""Con el incremento del trabajo remoto y la economía freelance, hay una creciente necesidad de herramientas que faciliten la gestión de proyectos y la comunicación de manera integrada y sencilla."", ""oportunidad"": ""Las soluciones actuales tienden a ser complejas y abarrotadas de funciones, lo que genera confusión. Hay espacio para una herramienta más simplificada y centrada en usuarios no técnicos."", ""diferenciacion"": ""La propuesta de valor se centra en la simplicidad y la funcionalidad específica para freelancers, a diferencia de otras herramientas que son más generales o complejas.""}"
IDEA-20260212195523,Freelancer Hub,SaaS,"Una plataforma integral para freelancers que combina gestión de proyectos, control de tiempo y procesamiento de pagos.","Freelancer Hub es una herramienta que permite a los freelancers administrar sus proyectos, realizar un seguimiento de su tiempo y gestionar sus ingresos de forma sencilla y eficaz. Ofrece reportes de productividad y permite la integración con plataformas de pago como PayPal y Stripe.","Freelancers en sectores creativos, técnicos y de servicios profesionales.",La dispersión de herramientas y la falta de un sistema unificado que les permita gestionar todos los aspectos de su negocio.,"Un sistema que unifica gestión de proyectos, seguimiento de tiempo y administración de pagos, mejorando la productividad y reduciendo el estrés.",Media,120,$15/mes o $150 one-time (con acceso a todas las funciones),"Gestión de proyectos, Seguimiento de tiempo, Gestión de pagos, Informes de productividad.","SEO, Marketing en redes sociales, Anuncios pagados en plataformas de freelancers.","Trello, Asana, Harvest, pero ninguno ofrece todas las funciones en una sola plataforma enfocada en freelancers.","Integración directa con plataformas de pago y enfoque específico en freelancers, lo que permite una solución más adaptada a sus necesidades únicas.",70,IDEA-20260212195523.html,Sí,2026-02-12T19:55:23.807533,"{""problema_identificado"": ""La falta de un espacio centralizado para que los freelancers gestionen su tiempo, proyectos y pagos de manera eficiente, lo que lleva a la reducción de productividad y estrés."", ""porque_ahora"": ""El incremento en la economía gig debido a la pandemia ha llevado a un incremento en el número de freelancers que necesitan herramientas que les ayuden a gestionar su trabajo eficazmente."", ""oportunidad"": ""Con el crecimiento continuo del trabajo remoto y freelance, hay una necesidad urgente de herramientas que integren gestión de proyectos, gestión del tiempo y gestión de pagos en un solo lugar."", ""diferenciacion"": ""A diferencia de otras herramientas en el mercado, esta solución se enfocará específicamente en freelancers y ofrecerá integraciones directas con plataformas de pago y gestión de tareas, todo en una sola aplicación.""}"
IDEA-20260212181056,Productividad Personal Pro,SaaS,Plataforma que ayuda a trabajadores remotos a gestionar su tiempo y aumentar su productividad a través de análisis de hábitos y recomendaciones personalizadas.,"Productividad Personal Pro es una herramienta que permite a los usuarios registrar su tiempo en diferentes tareas, visualizar su rendimiento a lo largo de la semana y recibir consejos personalizados para optimizar su día a día. Además, facilita la integración de técnicas de gestión del tiempo, como la técnica Pomodoro y la planificación semanal.",Trabajadores remotos y autónomos que buscan mejorar su gestión del tiempo y ser más productivos.,Dificultades para mantener la productividad en entornos de trabajo remoto y falta de claridad sobre cómo se utiliza el tiempo personal.,"Una plataforma que no solo registra el tiempo, sino que también analiza los hábitos de trabajo y ofrece recomendaciones personalizadas para mejorar la eficiencia.",Media,120,$10/mes,"Registro de tiempo, Análisis de hábitos, Recomendaciones personalizadas","Redes sociales, Marketing de contenido, Colaboraciones con influencers en productividad","Trello, Todoist, RescueTime","Enfoque específico en la productividad personal y análisis de hábitos, además de recomendaciones personalizadas, en lugar de solo gestión de tareas.",75,IDEA-20260212181056.html,Sí,2026-02-12T18:10:56.117740,"{""problema_identificado"": ""Los trabajadores remotos enfrentan dificultades para gestionar su tiempo y mantener la productividad, a menudo se sienten abrumados por la falta de estructura."", ""porque_ahora"": ""El auge del teletrabajo ha impulsado el interés en herramientas que ayuden a optimizar la productividad personal y la gestión del tiempo."", ""oportunidad"": ""La creciente populación de trabajadores remotos busca soluciones que se integren con sus rutinas diarias y ofrezcan seguimiento y análisis del tiempo dedicado a distintas tareas."", ""diferenciacion"": ""A diferencia de las herramientas de gestión de proyectos convencionales, esta solución se centra en la gestión del tiempo y la productividad personal, ofreciendo análisis de hábitos y recomendaciones personalizadas.""}"
IDEA-20260212151038,WellNest,SaaS,Una plataforma que combina la gestión del tiempo y el bienestar mental para equipos remotos.,"WellNest es una herramienta SaaS que ayuda a los trabajadores remotos a gestionar su tiempo de manera eficaz mientras promueve la salud mental a través de actividades de bienestar, meditación guiada y sesiones de 'check-in' grupales. Los usuarios pueden programar su tiempo de trabajo y bienestar en la misma plataforma, fomentando un equilibrio saludable entre ambas áreas.","Empresas con equipos remotos, freelancers y trabajadores independientes.",El aislamiento y la sobrecarga de trabajo en entornos remotos afectan la productividad y la salud mental de los trabajadores.,"Ofrecer una plataforma que combine la gestión del tiempo con sesiones de bienestar mental, facilitando una cultura empresarial más saludable y productiva.",Media,120,$15/mes por usuario,"Gestión del tiempo, sesiones de bienestar, reportes de productividad, integración con calendarios.","Marketing digital, webinars, asociaciones con empresas de recursos humanos.","Slack, Zoom, Noom, plataformas de gestión del tiempo.","WellNest no solo proporciona herramientas de gestión, sino que también incorpora el bienestar mental de manera integral, creando un espacio saludable para los equipos remotos.",75,IDEA-20260212151038.html,Sí,2026-02-12T15:10:38.328992,"{""problema_identificado"": ""Los trabajadores remotos tienen dificultades para mantener la productividad y la conexión con sus equipos, lo que puede resultar en un aumento del aislamiento profesional y una disminución de la eficacia laboral."", ""porque_ahora"": ""La cultura del trabajo remoto se ha institucionalizado debido a la pandemia, y cada vez más empresas buscan herramientas que fortalezcan la colaboración y el bienestar de sus equipos distribuidos."", ""oportunidad"": ""La creciente necesidad de conectar a los empleados a través de experiencias virtuales efectivas presenta una oportunidad para crear soluciones que no solo aborden la productividad, sino también el bienestar emocional de los trabajadores."", ""diferenciacion"": ""La plataforma integra funcionalidades de gestión del tiempo y bienestar mental, proporcionando un enfoque holístico sobre la productividad, a diferencia de las herramientas que solo se centran en la gestión del tiempo.""}"
IDEA-20260212120453,PyMe Online,SaaS,Una plataforma integral para que pequeñas y medianas empresas creen su presencia en línea de forma sencilla y efectiva.,"PyMe Online es una solución basada en la nube que permite a las pequeñas y medianas empresas crear, gestionar y optimizar su presencia en línea. La plataforma ofrece herramientas para diseñar sitios web atractivos, gestionar redes sociales y realizar ventas en línea, todo desde un único panel de control.",Pequeñas y medianas empresas que buscan digitalizarse y mejorar su presencia en línea.,"Las PYMEs a menudo carecen de conocimientos técnicos y recursos para establecer una presencia sólida en línea, lo que limita sus oportunidades de crecimiento y ventas.","PyMe Online proporciona una plataforma fácil de usar que combina diseño de sitios web, gestión de redes sociales y herramientas de ventas, permitiendo a las PYMEs concentrarse en su negocio principal sin preocuparse por la tecnología.",Media,120,$29/mes,"Creación de sitios web, gestión de redes sociales, herramientas de venta en línea.","Marketing digital (SEO, SEM), redes sociales, asociaciones con cámaras de comercio locales.","Wix, Squarespace, Shopify (aunque cada uno se especializa en una sola área).","Ofrecemos un enfoque holístico que combina varias herramientas que suelen estar separadas, además de un soporte personalizado para los usuarios, lo que no es común en los competidores existentes.",75,IDEA-20260212120453.html,Sí,2026-02-12T12:04:53.682267,"{""problema_identificado"": ""Las pequeñas y medianas empresas (PYMEs) luchan por establecer una presencia efectiva en línea debido a la falta de recursos y conocimientos técnicos, lo que les impide competir con empresas más grandes."", ""porque_ahora"": ""Con el crecimiento acelerado del comercio electrónico y la digitalización impulsada por la pandemia, las PYMEs necesitan herramientas accesibles y efectivas para establecer su presencia en línea y atraer clientes."", ""oportunidad"": ""Existen pocas soluciones que ofrezcan un enfoque integral y fácil de usar para que las PYMEs creen y gestionen sus sitios web, marketing digital y ventas en línea de manera efectiva."", ""diferenciacion"": ""La propuesta se diferenciará por ser una plataforma todo en uno que combina la creación de sitios web, gestión de redes sociales y herramientas de ventas en un solo lugar, enfocándose en la facilidad de uso y la atención al cliente.""}"
IDEA-20260212103029,FocusBoost,SaaS,Una herramienta de gestión de tareas que combina técnicas de productividad con gamificación para freelancers.,"FocusBoost es una plataforma en línea que ayuda a los freelancers a gestionar su tiempo y tareas utilizando enfoques modernos de productividad. A través de técnicas de Pomodoro, gamificación y un sistema de recompensas, los usuarios pueden mejorar su enfoque y efectividad laboral. Además, permite la integración con otras herramientas de gestión de proyectos y calendarios.","Freelancers, autónomos y pequeños emprendedores que buscan mejorar su productividad.",La falta de una estructura clara y motivación para manejar sus responsabilidades diarias lleva a los freelancers a procrastinar y ser menos productivos.,"Ofrecer una plataforma fácil de usar que no solo ayude a organizar tareas, sino que también incentive la productividad a través de gamificación y técnicas de manejo del tiempo.",Media,120,$10/mes,"Gestión de tareas, temporizador Pomodoro, sistema de recompensas, integración con herramientas populares (Trello, Google Calendar).","Redes sociales, marketing de contenido, partnerships con influencers del ámbito freelance.","Todoist, Trello, Asana.",Enfoque en freelancers con características únicas de gamificación y un sistema de recompensas que no ofrecen las herramientas de la competencia.,75,IDEA-20260212103029.html,Sí,2026-02-12T10:30:29.561377,"{""problema_identificado"": ""Muchos profesionales independientes (freelancers) enfrentan dificultades para gestionar su tiempo y tareas, lo que les lleva a la procrastinación y la disminución de su productividad."", ""porque_ahora"": ""Con el aumento del trabajo remoto y la cultura del freelance, la demanda por herramientas que optimicen la gestión del tiempo y las tareas ha crecido, especialmente post-pandemia."", ""oportunidad"": ""La digitalización de procesos y el enfoque en la productividad personal están en auge, creando una oportunidad para una herramienta que combine gestión de tareas con técnicas de productividad probadas."", ""diferenciacion"": ""A diferencia de otras herramientas de gestión de tareas, nuestra solución integrará técnicas de productividad como Pomodoro, metodologías ágiles y gamificación para motivar a los usuarios a completar sus tareas.""}"
IDEA-20260212075955,TeamBond,SaaS,Una plataforma de colaboración digital que facilita mini-reuniones y actividades de equipo para mejorar la comunicación y cohesión en entornos de trabajo remoto.,"TeamBond es una herramienta que permite a los equipos realizar mini-reuniones de 10 a 15 minutos, combinando video, chat y dinámicas de grupo. La plataforma incluye templatede actividades, encuestas rápidas y espacios para compartir logros, lo que fomenta la interacción y mejora el bemalong de los empleados.",Equipos de pequeñas y medianas empresas que trabajan de forma remota o híbrida y buscan mejorar la comunicación y cohesión del equipo.,La falta de interacciones significativas en entornos de trabajo remotos puede dar lugar a la desconexión entre los miembros del equipo.,"TeamBond ofrece una solución simple y divertida para realizar interacciones rápidas y efectivas, ayudando a los equipos a sentirse más conectados y motivados.",Media,120,$10/mes por usuario,"Funcionalidad de video conferencia, plantillas de mini-reuniones, chat en tiempo real.","Marketing en redes sociales, contenido educativo en blogs, publicidad dirigida en plataformas como LinkedIn.","Herramientas de colaboración como Zoom, Microsoft Teams, pero estas no suelen centrarse específicamente en mini-interacciones dinámicas.","A diferencia de las herramientas más complejas, TeamBond se enfoca en la simplicidad y en la creación de interacciones significativas que son rápidas y efectivas.",70,IDEA-20260212075955.html,Sí,2026-02-12T07:59:55.366165,"{""problema_identificado"": ""El trabajo remoto ha aumentado, pero la comunicación y colaboración entre equipos dispersos sigue siendo un desafío, lo que lleva a malentendidos, baja productividad y un sentimiento de aislamiento."", ""porque_ahora"": ""Con el crecimiento del trabajo remoto y híbrido, las herramientas de colaboración digital son más relevantes que nunca, y hay una demanda creciente de soluciones que favorezcan la cohesión del equipo."", ""oportunidad"": ""Las actuales herramientas de colaboración a menudo son complejas y saturadas de funcionalidades que no todos utilizan, lo que abre la puerta para una solución más sencilla y centrada en la experiencia del usuario."", ""diferenciacion"": ""Nuestra solución se centra en la creación de 'mini-reuniones' virtuales mediante una plataforma que integra video, chat y herramientas de colaboración de manera intuitiva y divertida, promoviendo la conexión humana.""}"
IDEA-20260212051937,ContentGenius,SaaS,"Una plataforma que utiliza IA para generar contenido atractivo y personalizado para redes sociales, optimizando la conexión entre los emprendedores y su audiencia.","ContentGenius permite a los emprendedores ingresar información básica sobre su negocio y su audiencia objetivo. A través de algoritmos de IA, genera automáticamente publicaciones de texto e imágenes para plataformas como Instagram, Facebook y Twitter, ahorrando tiempo y mejorando la calidad del contenido publicado.","Emprendedores, pequeñas y medianas empresas que buscan mejorar su marketing en redes sociales.",Falta de tiempo y habilidades para crear contenido atractivo y relevante para las redes sociales.,Proporcionar una herramienta fácil de usar que genere contenido optimizado para cada negocio y su audiencia mediante inteligencia artificial.,Media,120,$29/mes,"Generación de texto, generación de imágenes, integración con redes sociales, análisis de rendimiento del contenido.","Marketing digital, redes sociales, colaboraciones con influencers, blogs de negocios.","Herramientas como Canva o Hootsuite, pero con un enfoque más fuerte en la personalización mediante IA.",La personalización mediante IA que adapta el contenido al público objetivo específico de cada negocio.,75,IDEA-20260212051937.html,Sí,2026-02-12T05:19:37.725698,"{""problema_identificado"": ""Los emprendedores y pequeñas empresas a menudo luchan por generar contenido atractivo y de calidad para sus redes sociales, lo que les impide conectarse con su audiencia y aumentar su visibilidad."", ""porque_ahora"": ""Con el auge de las redes sociales como plataformas clave para la comercialización, la demanda por contenido de calidad nunca ha sido tan alta. Además, muchas empresas buscan formas rentables y eficientes de mejorar su presencia online."", ""oportunidad"": ""El mercado de herramientas de contenido para redes sociales está en crecimiento, y hay una necesidad insatisfecha de soluciones que faciliten el proceso de creación de contenido sin requerir habilidades avanzadas de diseño o marketing."", ""diferenciacion"": ""Esta solución utilizará inteligencia artificial para generar contenido personalizado basado en la audiencia de cada negocio, lo que la diferencia de otras herramientas que ofrecen plantillas genéricas o editores de texto.""}"
IDEA-20260211235822,Invengo,SaaS,"Invengo es una plataforma de gestión de inventario diseñada específicamente para pequeñas y medianas empresas, permitiéndoles optimizar su cadena de suministro de manera efectiva y asequible.","Invengo proporciona a las pymes una herramienta fácil de usar para gestionar sus inventarios, realizar seguimiento de productos y pronosticar necesidades futuras, integrando además funciones de análisis de ventas para mejorar la toma de decisiones.",Pequeñas y medianas empresas que buscan mejorar la gestión de su inventario y optimizar la cadena de suministro.,"Las pymes enfrentan desafíos en la gestión eficiente de su inventario, lo que resulta en costos elevados y una falta de visibilidad sobre sus procesos logísticos.","Invengo ofrece una solución integral que incluye gestión de inventario en tiempo real, herramientas de pronóstico de demanda, y reportes que permiten una mejor visibilidad y control sobre la logística.",Media,100,$29/mes,"Gestión de inventario, Reportes de ventas, Integración con plataformas de e-commerce","Redes sociales, Publicidad digital, Asociaciones con cámaras de comercio","Herramientas de gestión de inventario como TradeGecko y Unleashed, que son más caras y complejas para las pymes.","Invengo se distingue por su enfoque en la simplicidad y el costo accesible, ofreciendo características específicas que responden a las necesidades de las pymes, a diferencia de opciones más complejas y costosas.",75,IDEA-20260211235822.html,Sí,2026-02-11T23:58:22.831990,"{""problema_identificado"": ""Las pequeñas y medianas empresas (pymes) carecen de herramientas accesibles y efectivas para gestionar sus inventarios y optimizar la cadena de suministro, lo que les genera pérdidas económicas y problemas de satisfacción del cliente."", ""porque_ahora"": ""Con el aumento del e-commerce y la necesidad de agilidad en las operaciones, las pymes buscan soluciones tecnológicas asequibles que les ayuden a ser competitivas en un mercado en rápida evolución."", ""oportunidad"": ""El mercado de software de gestión de inventarios y logística está en crecimiento, especialmente tras la pandemia, que ha hecho que más empresas busquen digitalizar sus operaciones."", ""diferenciacion"": ""A diferencia de las soluciones existentes que son costosas y complejas, esta propuesta se centra en ofrecer una interfaz intuitiva y funciones específicas para pymes, con capacidades de integración sencilla a otras plataformas comerciales.""}"
IDEA-20260211230411,Contable Facil,SaaS,Plataforma de contabilidad intuitiva y accesible para pequeñas empresas y emprendedores.,"Contable Facil es una solución en la nube que permite a pequeñas empresas gestionar su contabilidad de manera sencilla, utilizando una interfaz amigable y con herramientas educativas que ayudan a comprender mejor la situación financiera.","Pequeñas empresas, freelancers y emprendedores que necesitan gestionar su contabilidad sin complicaciones.","La contabilidad tradicional es considerada complicada y poco accesible para muchos emprendedores, lo cual puede llevar a errores y decisiones financieras erróneas.","Una herramienta digital que simplifica la contabilidad diaria, permite la generación de reportes automáticos y brinda recursos educativos como guías y tutoriales.",Media,120,$15/mes,"Registro de ingresos y gastos, generación de reportes básicos, integración con cuentas bancarias, acceso a guías educativas.","Redes sociales, marketing de contenido, colaboraciones con plataformas de emprendimiento.","Aplicaciones como QuickBooks y Wave, que ofrecen funcionalidades similares pero son más complejas.","Enfoque en la facilidad de uso y en la educación financiera, con un diseño adaptado a usuarios sin experiencia contable.",75,IDEA-20260211230411.html,Sí,2026-02-11T23:04:11.479636,"{""problema_identificado"": ""Las pequeñas empresas y emprendedores a menudo sufren dificultades en la gestión de la contabilidad y las finanzas, lo que les impide tomar decisiones informadas y crecer."", ""porque_ahora"": ""Con la creciente digitalización y la necesidad de soluciones remotas, hay una gran demanda por herramientas contables accesibles y fáciles de usar, especialmente tras los cambios que han traído la pandemia."", ""oportunidad"": ""Las soluciones existentes son a menudo complejas y costosas, lo que deja un vacío en el mercado para una herramienta intuitiva que se adapte a pequeñas empresas y autónomos."", ""diferenciacion"": ""La solución se centrará en la simplicidad de uso, integraciones con otras herramientas populares y un enfoque en la educación financiera para el usuario.""}"
IDEA-20260211215458,MarketerAI,SaaS,Una plataforma de marketing digital que utiliza inteligencia artificial para ayudar a emprendedores y pequeñas empresas a crear y gestionar campañas efectivas.,"MarketerAI permite a los usuarios diseñar campañas de marketing personalizadas utilizando inteligencia artificial que aprende de las interacciones pasadas y ajusta las estrategias en tiempo real. La plataforma ofrece plantillas predefinidas, análisis de resultados y asesoramiento automatizado para optimizar las campañas.","Emprendedores, propietarios de pequeñas y medianas empresas que buscan mejorar su marketing digital sin necesidad de experiencia previa.",La dificultad para crear estrategias de marketing efectivas y la falta de recursos y conocimientos técnicos en marketing digital.,"MarketerAI proporciona una plataforma accesible y automatizada que simplifica la creación y gestión de campañas, optimizando resultados y ahorrando tiempo y esfuerzo.",Media,150,$29/mes o $299 one-time,"Automatización de campañas, plantillas personalizables, herramientas de análisis en tiempo real.","Publicidad en redes sociales, colaboraciones con influencers, marketing de contenido.","Otras plataformas de marketing como Mailchimp y HubSpot, pero estas son más complejas y dirigidas a un público con más experiencia.","MarketerAI se centra en la simplicidad y la personalización a través de IA, lo que permite a los usuarios sin experiencia crear campañas efectivas rápidamente.",78,IDEA-20260211215458.html,Sí,2026-02-11T21:54:58.842220,"{""problema_identificado"": ""Muchos emprendedores y pequeñas empresas carecen de recursos para crear estrategias de marketing efectivas, lo que limita su crecimiento y visibilidad en línea."", ""porque_ahora"": ""Con el crecimiento del trabajo remoto y la digitalización de los negocios, existe una alta demanda por soluciones de marketing accesibles que puedan adaptarse rápidamente a diversas industrias."", ""oportunidad"": ""El mercado de herramientas de marketing digital está en expansión, y hay una necesidad específica de herramientas que sean fáciles de usar para no especialistas, especialmente en el sector de pequeñas empresas y emprendedores."", ""diferenciacion"": ""La solución se distingue por su enfoque en la automatización de campañas de marketing a través de una interfaz intuitiva, combinando inteligencia artificial para la personalización sin necesidad de experiencia previa.""}"
IDEA-20260211200619,TimeOptimize,SaaS,TimeOptimize es una herramienta de gestión del tiempo que utiliza inteligencia artificial para ayudar a los emprendedores a organizar sus tareas y optimizar su productividad.,"TimeOptimize combina un calendario, un gestor de tareas y analíticas de tiempo en una única plataforma. Utiliza inteligencia artificial para ofrecer recomendaciones personalizadas, ayudar a priorizar tareas y mejorar la gestión del tiempo. Además, incluye recordatorios y notificaciones automáticas para mantener a los usuarios enfocados.","Trabajadores independientes, freelancers, y pequeños emprendedores que busquen mejorar su gestión del tiempo y productividad.",La falta de una herramienta integrada que combine la gestión de tareas y la planificación del tiempo lleva a la desorganización y a la disminución de la productividad.,"Ofrecer una plataforma todo en uno que permita gestionar tareas, calendarios y análisis de tiempo, con recomendaciones personalizadas a través de inteligencia artificial.",Media,120,$15/mes,"Gestión de tareas, Calendario integrado, Análisis de tiempo","Marketing digital, Redes sociales, Colaboraciones con influencers del ámbito de productividad","Aplicaciones como Todoist, Trello, y Notion, pero carecen de la integración de analíticas y recomendaciones personalizadas.",La inteligencia artificial para recomendaciones personalizadas y la integración de varias funciones en una sola plataforma es lo que distingue a TimeOptimize de sus competidores.,75,IDEA-20260211200619.html,Sí,2026-02-11T20:06:19.478307,"{""problema_identificado"": ""Los trabajadores independientes y pequeños emprendedores tienen dificultades para gestionar su tiempo y tareas, lo que afecta su productividad y bienestar."", ""porque_ahora"": ""Con el aumento del trabajo remoto y la economía gig, hay un crecimiento en la demanda de herramientas que ayuden a mejorar la gestión del tiempo y la productividad personal."", ""oportunidad"": ""La tendencia hacia la automatización y la digitalización de procesos laborales hace que sea un momento favorable para lanzar un producto que ayude a optimizar la gestión del tiempo de manera sencilla y accesible."", ""diferenciacion"": ""La solución se enfocará en la combinación de un calendario, gestión de tareas y analítica de tiempo, todo en una sola plataforma, con inteligencia artificial para generar recomendaciones personalizadas.""}"
IDEA-20260211184355,CollabTime,SaaS,"Una plataforma integral que combina gestión del tiempo, tareas y colaboración para equipos remotos.","CollabTime es una herramienta que permite a los equipos remotos gestionar su tiempo, tareas y comunicación en un solo lugar. Permite a los usuarios asignar tareas, realizar un seguimiento de su progreso y comunicarse directamente a través de la plataforma, todo con una interfaz intuitiva que minimiza la curva de aprendizaje.","Equipos de trabajo remotos, empresas que implementan políticas de trabajo híbrido, y freelancers que colaboran con otros profesionales.","Dificultades en la gestión del tiempo y la colaboración en equipos geográficamente dispersos, llevando a una disminución de la productividad.","Una plataforma que combina herramientas de gestión de proyectos, gestión del tiempo y comunicación en un solo lugar, permitiendo a los usuarios ser más eficientes.",Media,120,$15/mes por usuario,"Gestión de tareas, Comunicación en tiempo real, Informes de productividad","SEO, Redes sociales, Webinars","Trello, Asana, Slack, pero carecen de una integración completa de todas las funcionalidades necesarias en una sola herramienta.","CollabTime se diferencia por ofrecer una solución todo-en-uno que integra gestión del tiempo, tareas y comunicación, enfocándose en la experiencia del usuario y la simplicidad.",75,IDEA-20260211184355.html,Sí,2026-02-11T18:43:55.100234,"{""problema_identificado"": ""Los trabajadores remotos enfrentan dificultades para mantenerse productivos y conectados con sus colegas debido a la falta de herramientas efectivas de colaboración y gestión del tiempo."", ""porque_ahora"": ""Con el aumento del trabajo remoto y la hibridación laboral, las empresas buscan soluciones que faciliten la colaboración eficiente y la gestión del tiempo, algo que se ha vuelto esencial para la productividad."", ""oportunidad"": ""La tendencia al trabajo remoto continuará creciendo, creando una demanda constante por herramientas que ayuden a los empleados a organizar su tiempo y comunicarse mejor, especialmente en equipos dispersos geográficamente."", ""diferenciacion"": ""La solución se centrará en integrar gestión del tiempo, tareas y comunicación en una única plataforma, priorizando la simplicidad y la usabilidad, que es un aspecto débil en muchas herramientas existentes.""}"
IDEA-20260211153945,Pymex CRM,SaaS,Un CRM asequible y fácil de usar que permite a las PYMES gestionar sus relaciones con los clientes y optimizar la comunicación.,"Pymex CRM ofrece una solución integral para que las pequeñas y medianas empresas gestionen sus interacciones con clientes, incluyendo seguimiento de contactos, gestión de tareas y un sistema de mensajes integrado que permite una comunicación directa.",Pequeñas y medianas empresas que buscan mejorar sus procesos de ventas y comunicación con clientes.,Las PYMES enfrentan dificultades para gestionar eficazmente sus relaciones con los clientes debido a la falta de herramientas adecuadas y accesibles.,"Pymex CRM simplifica la gestión de relaciones con los clientes, proporcionando una interfaz intuitiva y herramientas esenciales sin la complejidad y el costo de los CRM tradicionales.",Baja,80,$29/mes,"Gestión de contactos, Tareas y recordatorios, Mensajería interna","Redes sociales, Marketing de contenido, Webinars","HubSpot, Zoho CRM, Pipedrive","Enfocado en PYMES con características simplificadas y precios accesibles, además de un enfoque en la usabilidad.",75,IDEA-20260211153945.html,Sí,2026-02-11T15:39:45.561564,"{""problema_identificado"": ""Las pequeñas y medianas empresas (PYMES) a menudo carecen de herramientas accesibles y efectivas para gestionar sus relaciones con los clientes, lo que resulta en una comunicación ineficiente y oportunidades de negocio perdidas."", ""porque_ahora"": ""Con el aumento de la digitalización y el trabajo remoto, las PYMES están buscando soluciones en línea que les ayuden a optimizar sus operaciones y mejorar la satisfacción del cliente."", ""oportunidad"": ""La demanda por herramientas de gestión de clientes está en aumento, especialmente entre las PYMES que buscan alternativas más económicas y fáciles de usar en comparación con los CRM tradicionales."", ""diferenciacion"": ""La solución se basa en un enfoque simplificado que integra características de CRM y comunicación en una sola plataforma, específicamente diseñada para adaptarse a las necesidades de PYMES.""}"
IDEA-20260211135319,TaskBill,SaaS,Una plataforma integral que combina gestión de tareas y facturación para emprendedores y freelancers.,"TaskBill permite a los usuarios gestionar sus tareas diarias, crear y enviar facturas personalizadas, y hacer un seguimiento del estado de los pagos, todo en un solo lugar. Incluye recordatorios automáticos y análisis de tiempo dedicado a cada tarea.","Freelancers, pequeños emprendedores y trabajadores autónomos que buscan optimizar su gestión administrativa.","Los emprendedores suelen perder tiempo valioso en tareas administrativas que podrían automatizarse, afectando su productividad.","TaskBill ofrece una solución todo en uno que permite a los usuarios administrar sus tareas y facturación desde una sola plataforma, reduciendo el tiempo y esfuerzo dedicados a la administración.",Media,120,$15/mes o $150 one-time,"Gestión de tareas, Facturación automática, Seguimiento de pagos, Recordatorios automáticos","Marketing en redes sociales, Publicidad en Google, Colaboraciones con influencers de negocios","Existen herramientas de gestión de tareas y facturación por separado, pero no hay muchas que integren ambas funcionalidades de manera efectiva.","La integración de gestión de tareas y facturación en una sola plataforma, junto con una interfaz intuitiva y funcionalidades de automatización, hará que TaskBill se destaque.",75,IDEA-20260211135319.html,Sí,2026-02-11T13:53:19.025380,"{""problema_identificado"": ""Los pequeños emprendedores y freelancers tienen dificultad para gestionar y automatizar sus tareas administrativas y de facturación, lo que les quita tiempo que podrían dedicar a su negocio."", ""porque_ahora"": ""Con el aumento del trabajo autónomo y la digitalización de los negocios, existe una creciente necesidad de soluciones que simplifiquen la gestión del tiempo y las tareas administrativas."", ""oportunidad"": ""La creciente adopción de herramientas digitales y software en la nube por parte de freelancers y pequeñas empresas crea una oportunidad significativa para ofrecer un producto que resuelva esta necesidad específica."", ""diferenciacion"": ""La solución se diferenciará al integrar funciones de gestión de tareas, facturación y seguimiento de clientes en una única plataforma accesible y fácil de usar.""}"
IDEA-20260211125926,SociaBot,SaaS,SociaBot es una plataforma para gestionar y optimizar la presencia en redes sociales de pequeñas y medianas empresas mediante una interfaz sencilla y un chatbot AI.,"SociaBot permite a las pymes crear, programar y publicar contenido en múltiples redes sociales desde una única plataforma, mientras que un chatbot AI responde automáticamente a preguntas comunes y comentarios de los clientes.",Pequeñas y medianas empresas que desean mejorar su marketing digital pero carecen de personal dedicado o experiencia en redes sociales.,La falta de tiempo y la falta de conocimientos sobre marketing digital son obstáculos significativos para que las pymes gestionen su presencia en redes sociales.,"Una interfaz intuitiva que permite a las pymes crear y programar contenido, junto con un chatbot AI que mejora la interacción con los clientes, todo en una sola herramienta.",Media,150,$49/mes,"Programación de publicaciones, Respuestas automáticas de chatbot, Análisis básico de rendimiento.","Publicidad en redes sociales, Webinars educativos, Alianzas con asociaciones de pymes.","Hootsuite, Buffer, Later, pero estas no ofrecen integración con chatbots AI para la interacción automatizada.","La integración de un chatbot AI para gestionar interacciones en redes sociales, lo que no ofrecen las principales herramientas de gestión de redes sociales hoy en día.",75,idea-IDEA-20260211125926.html,Sí,2026-02-11T12:59:26.633321,"{""problema_identificado"": ""Las pequeñas y medianas empresas (pymes) tienen dificultades para gestionar su presencia en redes sociales de manera efectiva debido a la falta de tiempo y recursos."", ""porque_ahora"": ""Con la creciente importancia de las redes sociales para la visibilidad y el marketing de las pymes, hay una necesidad urgente de herramientas que simplifiquen esta tarea, especialmente tras la pandemia que aceleró la digitalización."", ""oportunidad"": ""La mayoría de las soluciones actuales están orientadas a empresas grandes. Hay un nicho fuerte en el mercado de pymes que busca herramientas asequibles y fáciles de usar para gestionar su marketing digital."", ""diferenciacion"": ""Esta solución combinará la gestión de redes sociales con la integración de un chatbot AI que ayudará a programar publicaciones y responder a interacciones automáticamente, lo que ahorrará tiempo y esfuerzo a los usuarios.""}"
IDEA-20260210234451,TimeMaster,SaaS,Una herramienta de gestión de tiempo y proyectos diseñada específicamente para pequeños emprendedores y freelancers.,"TimeMaster es una plataforma que permite a los usuarios gestionar sus tareas y proyectos utilizando metodologías de productividad como Pomodoro y Kanban. Ofrece recordatorios, estadísticas de tiempo y una interfaz fácil de usar que se adapta a las preferencias individuales.","Pequeños emprendedores, freelancers y profesionales autónomos que buscan mejorar su organización y gestión del tiempo.",Falta de herramientas integradas que ayuden a gestionar tareas y tiempo de manera efectiva.,"Ofrecer una plataforma única que combine gestión de proyectos y técnicas de productividad, permitiendo a los usuarios ser más eficientes y organizados.",Media,150,$15/mes o $150 one-time,"Gestión de tareas, Temporizador Pomodoro, Tablero Kanban","Redes sociales, Marketing de contenido, Referidos","Trello, Asana, Todoist.","Integración de metodologías de productividad en un solo lugar, específicamente diseñado para el perfil de pequeños emprendedores y freelancers, además de una interfaz amigable y atractiva.",75,https://idea-idea-20260210234451-fyyvkimjx-idearias-projects.vercel.app,Sí,2026-02-10T23:44:51.208429,"{""problema_identificado"": ""Los pequeños emprendedores y freelancers tienen dificultades para gestionar su tiempo y proyectos, lo que provoca atrasos y falta de organización."", ""porque_ahora"": ""La creciente tendencia hacia el trabajo remoto y la autogestión ha hecho que más personas busquen herramientas efectivas para optimizar su tiempo y tareas."", ""oportunidad"": ""Existen pocas herramientas que integren en una sola plataforma la gestión del tiempo, tareas y proyectos, lo que puede ser un gran diferencial. Además, el mercado está cada vez más abierto a soluciones digitales debido a la digitalización acelerada."", ""diferenciacion"": ""Nuestra solución combinará la gestión de proyectos con técnicas de productividad probadas como Pomodoro y Kanban, en un solo entorno intuitivo que se adapta a diferentes estilos de trabajo.""}"
IDEA-20260210232936,TeamPulse,SaaS,Una plataforma de gestión de equipos remotos que combina productividad con bienestar emocional.,"TeamPulse es una herramienta de SaaS que ayuda a los equipos remotos a ser más productivos al tiempo que promueve el bienestar mental. A través de una interfaz intuitiva, los usuarios pueden gestionar tareas, establecer metas, y participar en actividades que fomenten la cohesión del equipo y el bienestar personal, como ejercicios de mindfulness y encuestas de clima laboral.","Equipos de trabajo remotos en empresas medianas y grandes, especialmente en sectores de tecnología, marketing y consultoría.",La falta de conexión emocional y la gestión del estrés en entornos de trabajo remoto.,"Una plataforma que integra gestión de proyectos, bienestar emocional y herramientas de comunicación para mejorar la cohesión del equipo y la productividad individual.",Media,150,$29/mes por usuario,"Gestión de tareas, Encuestas de clima laboral, Actividades de bienestar, Integración con herramientas de videoconferencia.","Marketing de contenido, Publicidad en redes sociales, Alianzas con influencers en el ámbito del trabajo remoto.","Herramientas como Trello, Asana y Slack, que se enfocan en la gestión de proyectos, pero no integran el bienestar emocional de manera efectiva.","TeamPulse no solo es una herramienta de gestión de tareas, sino que agrega un enfoque único en el bienestar y la cohesión del equipo, creando un espacio de trabajo más saludable y productivo.",80,https://idea-idea-20260210232936-p4ry4silf-idearias-projects.vercel.app,Sí,2026-02-10T23:29:36.458837,"{""problema_identificado"": ""Los trabajadores remotos tienen dificultades para mantener la productividad y la comunicación efectiva en equipos distribuidos, lo que provoca frustraciones y disminuye la eficiencia."", ""porque_ahora"": ""Con el aumento del trabajo remoto y la flexibilidad laboral que se ha generalizado, las herramientas que faciliten la gestión de equipos a distancia son más relevantes que nunca."", ""oportunidad"": ""El mercado de herramientas de colaboración y productividad ha crecido exponencialmente, y hay un interés creciente en soluciones que no solo gestionen tareas, sino que también fomenten la cultura de equipo y el bienestar emocional de los empleados."", ""diferenciacion"": ""A diferencia de otras herramientas de gestión de proyectos, nuestra solución no solo se centrará en la productividad, sino que integrará aspectos de bienestar mental y social, ofreciendo una plataforma holística para el trabajo remoto.""}"
IDEA-20260210231358,SocialEase,SaaS,"Una herramienta de gestión de redes sociales diseñada específicamente para PYMES, que ofrece automatización de publicaciones y análisis de rendimiento en tiempo real.","SocialEase permite a las pequeñas y medianas empresas gestionar sus redes sociales de manera eficiente y accesible. Proporciona herramientas de programación de publicaciones, análisis de interacción y un dashboard intuitivo que muestra el rendimiento de las campañas en tiempo real. Además, incluye plantillas adaptadas a diferentes sectores para facilitar la creación de contenido atractivo.",Pequeñas y medianas empresas que buscan mejorar su presencia en redes sociales sin incurrir en altos costos ni complicaciones técnicas.,"Las PYMES a menudo no tienen el tiempo, los recursos o el conocimiento para gestionar sus redes sociales de manera eficaz.",Ofrecer una plataforma intuitiva y accesible que automatice el proceso de gestión de redes sociales y proporcione análisis de datos claros para la toma de decisiones.,Media,120,$29/mes,"Programación de publicaciones, Análisis de rendimiento, Dashboard intuitivo","Marketing digital, Publicidad en redes sociales, Colaboraciones con asociaciones de PYMES","Hootsuite, Buffer, Sprout Social.","Simplicidad en el uso, precios accesibles para PYMES y enfoque en las necesidades específicas de este segmento.",76,https://idea-20260210231358-fxh47ly52-idearias-projects.vercel.app,Sí,2026-02-10T23:13:58.006632,"{""problema_identificado"": ""Las pequeñas y medianas empresas (PYMES) a menudo carecen de las herramientas necesarias para gestionar eficazmente sus redes sociales y medir el rendimiento de sus campañas en tiempo real."", ""porque_ahora"": ""La digitalización ha acelerado la necesidad de que las PYMES tengan una presencia activa en redes sociales, especialmente después de la pandemia, donde el comercio electrónico y la comunicación digital se han vuelto imprescindibles."", ""oportunidad"": ""La mayoría de las herramientas actuales están diseñadas para grandes empresas y resultan demasiado costosas o complejas para las PYMES, creando un nicho desatendido."", ""diferenciacion"": ""La solución se centrará en la simplicidad y en un pricing accesible, ofreciendo automatización y análisis en tiempo real adaptados a las necesidades específicas de las PYMES.""}"
IDEA-20260210230254,SocialBoost,SaaS,"Herramienta de gestión de redes sociales automatizada para PYMEs, que optimiza la creación y publicación de contenido.",SocialBoost es una plataforma que permite a las pequeñas y medianas empresas gestionar sus redes sociales de manera sencilla y eficaz. Utiliza algoritmos para recomendar contenido basado en tendencias actuales y en el comportamiento de la audiencia específica de cada negocio. También incluye funcionalidades de análisis de rendimiento y programación de publicaciones.,Pequeñas y medianas empresas que buscan mejorar su presencia en redes sociales sin un gran costo.,"Las PYMEs tienen dificultades para crear contenido atractivo y consistentemente, además de analizar el rendimiento de sus publicaciones.","SocialBoost ofrece un panel intuitivo donde las empresas pueden planificar, programar y automatizar sus publicaciones en múltiples plataformas, además de recibir sugerencias de contenido personalizadas.",Media,150,$29/mes,"Programación de publicaciones, Sugerencias de contenido, Análisis de rendimiento","Redes sociales, Marketing de contenido, Alianzas con cámaras de comercio locales","Hootsuite, Buffer, Later","A diferencia de competidores más complejos, SocialBoost se enfocará en la simplicidad y personalización para PYMEs, con un enfoque en la automatización de contenido específico para su industria.",75,https://idea-idea-20260210230254-ktb3nx9g8-idearias-projects.vercel.app,Sí,2026-02-10T23:02:54.297956,"{""problema_identificado"": ""Muchas pequeñas y medianas empresas (PYMEs) enfrentan dificultades para gestionar sus redes sociales de manera efectiva, lo que limita su capacidad para atraer y retener clientes."", ""porque_ahora"": ""El aumento del comercio digital y la necesidad de presencia en redes sociales se ha intensificado tras la pandemia, haciendo esencial que las PYMEs optimicen sus esfuerzos en marketing digital."", ""oportunidad"": ""Las PYMEs representan un gran porcentaje del mercado empresarial y a menudo carecen de recursos para invertir en agencias de marketing, creando un nicho para soluciones accesibles."", ""diferenciacion"": ""La plataforma se centrará en la simplicidad y la automatización del contenido, proporcionando recomendaciones específicas basadas en el comportamiento de la audiencia y análisis de tendencias.""}"
MICRO-20260210221519,TwitterThreadMaker,MicroSaaS,MicroSaaS: Convierte blog post en thread optimizado,Convierte blog post en thread optimizado. Formatear threads largos es tedioso.,Twitter creators,Formatear threads largos es tedioso,,Medio,23,$19/mes,"Core automation, Dashboard, Export","Nicho communities, Twitter, Product Hunt",,,72,,,2026-02-10T22:15:19.022813,
EXT-20260210220018,ProductHuntTracker,Extension,Chrome extension: Notifica nuevos productos en tu nicho,Notifica nuevos productos en tu nicho. Perder lanzamientos interesantes en PH.,Founders y makers,Perder lanzamientos interesantes en PH,,Fácil,16,$9/mes,"Core feature, Settings, Analytics","Chrome Web Store, Product Hunt, Reddit",,,78,,,2026-02-10T22:00:18.696255,
EXT-20260210215803,YouTubeSummaryAI,Extension,Chrome extension: AI resume videos en bullet points,AI resume videos en bullet points. Ver video de 1h para extraer 5 min de info útil.,Estudiantes y professionals,Ver video de 1h para extraer 5 min de info útil,,Fácil,22,$9/mes,"Core feature, Settings, Analytics","Chrome Web Store, Product Hunt, Reddit",,,63,,,2026-02-10T21:58:03.830361,
EXT-20260210214607,YouTubeSummaryAI,Extension,Chrome extension: AI resume videos en bullet points,AI resume videos en bullet points. Ver video de 1h para extraer 5 min de info útil.,Estudiantes y professionals,Ver video de 1h para extraer 5 min de info útil,,Fácil,22,$9/mes,"Core feature, Settings, Analytics","Chrome Web Store, Product Hunt, Reddit",,,63,,,2026-02-10T21:46:07.305583,
IDEA-20260210213459,RemoteTeamManagementAI,SaaS,"Para Managers de equipos remotos 5-20 personas: Dashboard que mide output, no tiempo online","Dashboard que mide output, no tiempo online. Difícil trackear productividad sin micromanagear.",Managers de equipos remotos 5-20 personas,Difícil trackear productividad sin micromanagear,,Medio,49,$29/mes,"Feature 1, Feature 2, Feature 3","Product Hunt, Reddit, Twitter",,,70,,,2026-02-10T21:34:59.417231,
MICRO-20260210211958,PodcastShowNotes,MicroSaaS,MicroSaaS: AI genera show notes desde audio en 2 min,AI genera show notes desde audio en 2 min. Escribir show notes toma 1h por episodio.,Podcasters con <1000 listeners,Escribir show notes toma 1h por episodio,,Medio,24,$19/mes,"Core automation, Dashboard, Export","Nicho communities, Twitter, Product Hunt",,,62,,,2026-02-10T21:19:58.914384,
